sample,value 001
sample,value 002
sample,value 003
sample,value 004
sample,value 005
sample,value 006
sample,value 007
sample,value 008
sample,value 009
sample,value 010
sample,value 011
sample,value 012
sample,value 013
sample,value 014
sample,value 015
sample,value 016
sample,value 017
sample,value 018
sample,value 019
sample,value 020
sample,value 021
sample,value 022
sample,value 023
sample,value 024
sample,value 025
sample,value 026
sample,value 027
sample,value 028
sample,value 029
sample,value 030
sample,value 031
sample,value 032
sample,value 033
sample,value 034
sample,value 035
sample,value 036
sample,value 037
sample,value 038
sample,value 039
sample,value 040
sample,value 041
sample,value 042
sample,value 043
sample,value 044
sample,value 045
sample,value 046
sample,value 047
sample,value 048
sample,value 049
sample,value 050
sample,value 051
sample,value 052
sample,value 053
sample,value 054
sample,value 055
sample,value 056
sample,value 057
sample,value 058
sample,value 059
sample,value 060
sample,value 061
sample,value 062
sample,value 063
sample,value 064
sample,value 065
sample,value 066
sample,value 067
sample,value 068
sample,value 069
sample,value 070
sample,value 071
sample,value 072
sample,value 073
sample,value 074
sample,value 075
sample,value 076
sample,value 077
sample,value 078
sample,value 079
sample,value 080
sample,value 081
sample,value 082
sample,value 083
sample,value 084
sample,value 085
sample,value 086
sample,value 087
sample,value 088
sample,value 089
sample,value 090
sample,value 091
sample,value 092
sample,value 093
sample,value 094
sample,value 095
sample,value 096
sample,value 097
sample,value 098
sample,value 099
sample,value 100
sample,value 101
sample,value 102
sample,value 103
sample,value 104
sample,value 105
sample,value 106
sample,value 107
sample,value 108
sample,value 109
sample,value 110
sample,value 111
sample,value 112
sample,value 113
sample,value 114
sample,value 115
sample,value 116
sample,value 117
sample,value 118
sample,value 119
sample,value 120
sample,value 121
sample,value 122
sample,value 123
sample,value 124
sample,value 125
sample,value 126
sample,value 127
sample,value 128
sample,value 129
sample,value 130
sample,value 131
sample,value 132
sample,value 133
sample,value 134
sample,value 135
sample,value 136
sample,value 137
sample,value 138
sample,value 139
sample,value 140
sample,value 141
sample,value 142
sample,value 143
sample,value 144
sample,value 145
sample,value 146
sample,value 147
sample,value 148
sample,value 149
sample,value 150
sample,value 151
sample,value 152
sample,value 153
sample,value 154
sample,value 155
sample,value 156
sample,value 157
sample,value 158
sample,value 159
sample,value 160
sample,value 161
sample,value 162
sample,value 163
sample,value 164
sample,value 165
sample,value 166
sample,value 167
sample,value 168
sample,value 169
sample,value 170
sample,value 171
sample,value 172
sample,value 173
sample,value 174
sample,value 175
sample,value 176
sample,value 177
sample,value 178
sample,value 179
sample,value 180
sample,value 181
sample,value 182
sample,value 183
sample,value 184
sample,value 185
sample,value 186
sample,value 187
sample,value 188
sample,value 189
sample,value 190
sample,value 191
sample,value 192
sample,value 193
sample,value 194
sample,value 195
sample,value 196
sample,value 197
sample,value 198
sample,value 199
sample,value 200
sample,value 201
sample,value 202
sample,value 203
sample,value 204
sample,value 205
sample,value 206
sample,value 207
sample,value 208
sample,value 209
sample,value 210
sample,value 211
sample,value 212
sample,value 213
sample,value 214
sample,value 215
sample,value 216
sample,value 217
sample,value 218
sample,value 219
sample,value 220
